job_id,title,company,location,date,link, Length description,employment_type,seniority_level,place,job_function
2949114162,Investment Analyst (Summer 2022),Pangea Investments,Canada,3/3/2022,https://ca.linkedin.com/jobs/view/investment-analyst-summer-2022-at-pangea-investments-2949114162?refId=kxaLKWytxh7fcpDqRqDkkg%3D%3D&trackingId=OaHYK4PZHgiXLUp%2BWbYfBA%3D%3D&position=1&pageNum=0&trk=public_jobs_jserp-result_search-card,1603,Part-time,,Waterloo Ontario Canada,
2947322724,Health And Wellness Coach,HerCollective,Canada,3/4/2022,https://ca.linkedin.com/jobs/view/health-and-wellness-coach-at-hercollective-2947322724?refId=kxaLKWytxh7fcpDqRqDkkg%3D%3D&trackingId=u5yHiN9B7xy4K%2FfZ%2BCbVWQ%3D%3D&position=2&pageNum=0&trk=public_jobs_jserp-result_search-card,668,Part-time,,Canada,
2947532957,Marketing Intern,Ace Beverage Group,Canada,3/4/2022,https://ca.linkedin.com/jobs/view/marketing-intern-at-ace-beverage-group-2947532957?refId=kxaLKWytxh7fcpDqRqDkkg%3D%3D&trackingId=4AatJ%2B%2BhszAjhEqBLQZXTA%3D%3D&position=3&pageNum=0&trk=public_jobs_jserp-result_search-card,2844,Full-time,,Toronto Ontario Canada,
2947509350,Software Engineer Summer Co-op/Intern 2022,Capital One,Canada,3/4/2022,https://ca.linkedin.com/jobs/view/software-engineer-summer-co-op-intern-2022-at-capital-one-2947509350?refId=kxaLKWytxh7fcpDqRqDkkg%3D%3D&trackingId=pCfR%2BeY5AfAHMV%2FBLj2b1A%3D%3D&position=4&pageNum=0&trk=public_jobs_jserp-result_search-card,3727,Full-time,Internship,Toronto Ontario Canada,Engineering and Information Technology
2948549962,Mechanical Engineer-In-Training,Crossey Engineering Ltd.,Canada,3/2/2022,https://ca.linkedin.com/jobs/view/mechanical-engineer-in-training-at-crossey-engineering-ltd-2948549962?refId=kxaLKWytxh7fcpDqRqDkkg%3D%3D&trackingId=XajCtFDlFTmvnrH%2FCt6iYA%3D%3D&position=5&pageNum=0&trk=public_jobs_jserp-result_search-card,1549,Full-time,Internship,North Vancouver British Columbia Canada,Engineering and Information Technology
2948496962,Analyst Origination Investments and M&A,eDGe Renewable Partners,Canada,3/2/2022,https://ca.linkedin.com/jobs/view/analyst-origination-investments-and-m-a-at-edge-renewable-partners-2948496962?refId=kxaLKWytxh7fcpDqRqDkkg%3D%3D&trackingId=UZ1PZoFDObe3SxSNLV1gIw%3D%3D&position=7&pageNum=0&trk=public_jobs_jserp-result_search-card,2013,Full-time,,Canada,
2946751977,Electrical Engineering Intern,AVOLTA Inc.,Canada,3/4/2022,https://ca.linkedin.com/jobs/view/electrical-engineering-intern-at-avolta-inc-2946751977?refId=kxaLKWytxh7fcpDqRqDkkg%3D%3D&trackingId=t1CoYeln%2Bu%2BYAio76CxMJQ%3D%3D&position=8&pageNum=0&trk=public_jobs_jserp-result_search-card,1227,Internship,,Ontario Canada,
2947516840,Manufacturing Engineer,LHM Technologies Inc.,Canada,3/4/2022,https://ca.linkedin.com/jobs/view/manufacturing-engineer-at-lhm-technologies-inc-2947516840?refId=kxaLKWytxh7fcpDqRqDkkg%3D%3D&trackingId=GNMfSN2te29kQkRd31GU8Q%3D%3D&position=9&pageNum=0&trk=public_jobs_jserp-result_search-card,4244,Full-time,,Woodbridge Ontario Canada,
2951783768,Financial Sales Analyst/Associate,Setter Capital Inc.,Canada,3/4/2022,https://ca.linkedin.com/jobs/view/financial-sales-analyst-associate-at-setter-capital-inc-2951783768?refId=kxaLKWytxh7fcpDqRqDkkg%3D%3D&trackingId=zxKPV6KUBY0n6R%2FdLrv4Fw%3D%3D&position=10&pageNum=0&trk=public_jobs_jserp-result_search-card,2184,Full-time,,Toronto Ontario Canada,
2947396281,Jr Analytical Chemist / Instrumentation (Kitchener),Resolute Workforce Solutions,Canada,3/4/2022,https://ca.linkedin.com/jobs/view/jr-analytical-chemist-instrumentation-kitchener-at-resolute-workforce-solutions-2947396281?refId=kxaLKWytxh7fcpDqRqDkkg%3D%3D&trackingId=OhWSXmV2OrvsRRqE%2F9uWHg%3D%3D&position=12&pageNum=0&trk=public_jobs_jserp-result_search-card,2800,Full-time,,Kitchener Ontario Canada,
2951755506,Administrative Assistant,Meadow Brook,Canada,3/4/2022,https://ca.linkedin.com/jobs/view/administrative-assistant-at-meadow-brook-2951755506?refId=kxaLKWytxh7fcpDqRqDkkg%3D%3D&trackingId=WLYIRa%2BgUCyzFEhS0NvqGw%3D%3D&position=13&pageNum=0&trk=public_jobs_jserp-result_search-card,2012,Full-time,,Mississauga Ontario Canada,
2947526523,Market Risk Analyst- EN,TD,Canada,3/4/2022,https://ca.linkedin.com/jobs/view/market-risk-analyst-en-at-td-2947526523?refId=kxaLKWytxh7fcpDqRqDkkg%3D%3D&trackingId=TCu5oqizt7YZE%2Fogfgho0Q%3D%3D&position=16&pageNum=0&trk=public_jobs_jserp-result_search-card,5632,Full-time,Not Applicable,Toronto Ontario Canada,Finance and Accounting/Auditing
2951346766,2022 Summer - Software Development Intern,Workiva,Canada,3/4/2022,https://ca.linkedin.com/jobs/view/2022-summer-software-development-intern-at-workiva-2951346766?refId=kxaLKWytxh7fcpDqRqDkkg%3D%3D&trackingId=Asy2UPB5WROqi3ivrmwuKg%3D%3D&position=17&pageNum=0&trk=public_jobs_jserp-result_search-card,4849,Full-time,Internship,Canada,Engineering and Information Technology
2947526547,Admin Assistant,TD,Canada,3/4/2022,https://ca.linkedin.com/jobs/view/admin-assistant-at-td-2947526547?refId=kxaLKWytxh7fcpDqRqDkkg%3D%3D&trackingId=8I9sXvingQepA6Huw4lS8Q%3D%3D&position=18&pageNum=0&trk=public_jobs_jserp-result_search-card,3827,Full-time,Not Applicable,Markham Ontario Canada,Administrative
2947528515,Admin Assistant- EN,TD,Canada,3/4/2022,https://ca.linkedin.com/jobs/view/admin-assistant-en-at-td-2947528515?refId=kxaLKWytxh7fcpDqRqDkkg%3D%3D&trackingId=wGvAk5wFqrn0OvQdSBR5yw%3D%3D&position=19&pageNum=0&trk=public_jobs_jserp-result_search-card,3818,Full-time,Not Applicable,Markham Ontario Canada,Administrative
2948277644,Software Engineer Co-op - Summer 2022,Clearco,Canada,3/2/2022,https://ca.linkedin.com/jobs/view/software-engineer-co-op-summer-2022-at-clearco-2948277644?refId=kxaLKWytxh7fcpDqRqDkkg%3D%3D&trackingId=3OI1LlttcGridW7nX2qopg%3D%3D&position=20&pageNum=0&trk=public_jobs_jserp-result_search-card,3750,Internship,Internship,Toronto Ontario Canada,Engineering and Information Technology
2951809858,Events Associate,CAMSC,Canada,3/4/2022,https://ca.linkedin.com/jobs/view/events-associate-at-camsc-2951809858?refId=kxaLKWytxh7fcpDqRqDkkg%3D%3D&trackingId=OVW6hOHAq40WT2n%2BI9i5AA%3D%3D&position=21&pageNum=0&trk=public_jobs_jserp-result_search-card,2362,Internship,,Toronto Ontario Canada ,
2947506739,Market Research Analyst,Fable Home,Canada,3/4/2022,https://ca.linkedin.com/jobs/view/market-research-analyst-at-fable-home-2947506739?refId=kxaLKWytxh7fcpDqRqDkkg%3D%3D&trackingId=6A3h9jHCxdo5QhYeVmDcRA%3D%3D&position=22&pageNum=0&trk=public_jobs_jserp-result_search-card,2754,Full-time,,Canada,
2948263544,Data Science Co-op - Summer 2022,Clearco,Canada,3/2/2022,https://ca.linkedin.com/jobs/view/data-science-co-op-summer-2022-at-clearco-2948263544?refId=kxaLKWytxh7fcpDqRqDkkg%3D%3D&trackingId=Y%2BB8z4zpKd4lR9nXgabf4w%3D%3D&position=23&pageNum=0&trk=public_jobs_jserp-result_search-card,3201,Internship,Entry level,Toronto Ontario Canada,Engineering and Information Technology
2949061949,Junior Electrical Substation Design Engineer - T&D,Tetra Tech,Canada,3/2/2022,https://ca.linkedin.com/jobs/view/junior-electrical-substation-design-engineer-t-d-at-tetra-tech-2949061949?refId=kxaLKWytxh7fcpDqRqDkkg%3D%3D&trackingId=D7Rp49HuR8Rh8HgMno5L6w%3D%3D&position=24&pageNum=0&trk=public_jobs_jserp-result_search-card,4574,Full-time,Entry level,Mississauga Ontario Canada,Engineering and Information Technology
2951495030,Associate Software Developer-Cloud Solutions (Co-op position),HP,Canada,3/4/2022,https://ca.linkedin.com/jobs/view/associate-software-developer-cloud-solutions-co-op-position-at-hp-2951495030?refId=y6kIi6dUyl1tWfiq9KC8uQ%3D%3D&trackingId=1uX35ceQjHGGf%2FoaiH3YpQ%3D%3D&position=1&pageNum=1&trk=public_jobs_jserp-result_search-card,3224,Full-time,Not Applicable,Burnaby British Columbia Canada,Engineering and Information Technology
2949041904,Analytical Chemist,Diteba,Canada,3/2/2022,https://ca.linkedin.com/jobs/view/analytical-chemist-at-diteba-2949041904?refId=y6kIi6dUyl1tWfiq9KC8uQ%3D%3D&trackingId=LOuSpEcv2lNYgKqGeDY%2FkA%3D%3D&position=2&pageNum=1&trk=public_jobs_jserp-result_search-card,1383,Full-time,Associate,Mississauga Ontario Canada ,Research Analyst and Information Technology
2951793579,Mechanical Designer,Actalent,Canada,3/4/2022,https://ca.linkedin.com/jobs/view/mechanical-designer-at-actalent-2951793579?refId=y6kIi6dUyl1tWfiq9KC8uQ%3D%3D&trackingId=rSSINK%2FlPtKB6pniZE%2FRBw%3D%3D&position=3&pageNum=1&trk=public_jobs_jserp-result_search-card,3014,Contract,Entry level,Markham Ontario Canada,Engineering and Information Technology
2947520786,QA Project Lead,Bora Pharmaceuticals,Canada,3/4/2022,https://ca.linkedin.com/jobs/view/qa-project-lead-at-bora-pharmaceuticals-2947520786?refId=y6kIi6dUyl1tWfiq9KC8uQ%3D%3D&trackingId=aqHgPK2K9vWGU6aom%2BPbkQ%3D%3D&position=4&pageNum=1&trk=public_jobs_jserp-result_search-card,130,Full-time,,Mississauga Ontario Canada,
2951332427,2022 Summer - Software Development Intern,Workiva,Canada,2/7/2022,https://ca.linkedin.com/jobs/view/2022-summer-software-development-intern-at-workiva-2951332427?refId=y6kIi6dUyl1tWfiq9KC8uQ%3D%3D&trackingId=NwFIiXYjWysZJM7tXNeouQ%3D%3D&position=7&pageNum=1&trk=public_jobs_jserp-result_search-card,4849,Full-time,Internship,Canada,Engineering and Information Technology
2951664104,Financial Analyst,Insight Global,Canada,3/4/2022,https://ca.linkedin.com/jobs/view/financial-analyst-at-insight-global-2951664104?refId=y6kIi6dUyl1tWfiq9KC8uQ%3D%3D&trackingId=GueKK02gR3xIdIOvWeB12A%3D%3D&position=8&pageNum=1&trk=public_jobs_jserp-result_search-card,858,Full-time,,Greater Toronto Area Canada,
2946850043,Web Development Intern,Monss - Digital Product Design Agency,Canada,3/2/2022,https://ca.linkedin.com/jobs/view/web-development-intern-at-monss-digital-product-design-agency-2946850043?refId=y6kIi6dUyl1tWfiq9KC8uQ%3D%3D&trackingId=DhpGhLvY6ETwgDhtf2Em%2FA%3D%3D&position=9&pageNum=1&trk=public_jobs_jserp-result_search-card,1015,Full-time,,Calgary Alberta Canada,
2948340045,U.S Equities Analyst,Burgundy Asset Management Ltd.,Canada,3/2/2022,https://ca.linkedin.com/jobs/view/u-s-equities-analyst-at-burgundy-asset-management-ltd-2948340045?refId=y6kIi6dUyl1tWfiq9KC8uQ%3D%3D&trackingId=s4eKt%2BgZ%2BX5liM13K9Noyw%3D%3D&position=10&pageNum=1&trk=public_jobs_jserp-result_search-card,2754,Full-time,,Toronto Ontario Canada ,
2951689447,Junior Marketing,Good to Great Solutions,Canada,3/4/2022,https://ca.linkedin.com/jobs/view/junior-marketing-at-good-to-great-solutions-2951689447?refId=y6kIi6dUyl1tWfiq9KC8uQ%3D%3D&trackingId=Xq8GOVsE%2FAecdn0kuxd1oA%3D%3D&position=11&pageNum=1&trk=public_jobs_jserp-result_search-card,1865,Full-time,,Toronto Ontario Canada ,
2947509722,3PL Logistics Coordinator/Customer Service,Cavalier Transportation,Canada,3/4/2022,https://ca.linkedin.com/jobs/view/3pl-logistics-coordinator-customer-service-at-cavalier-transportation-2947509722?refId=y6kIi6dUyl1tWfiq9KC8uQ%3D%3D&trackingId=YpLGMOTjF198kbvBihsiBg%3D%3D&position=12&pageNum=1&trk=public_jobs_jserp-result_search-card,174,Full-time,,Bolton Ontario Canada,
2947548145,Information Technology Program Manager,Sumeru Solutions,Canada,3/4/2022,https://ca.linkedin.com/jobs/view/information-technology-program-manager-at-sumeru-solutions-2947548145?refId=y6kIi6dUyl1tWfiq9KC8uQ%3D%3D&trackingId=LKk6fofqJtJR2hMu057OdA%3D%3D&position=13&pageNum=1&trk=public_jobs_jserp-result_search-card,578,Full-time,,Canada,
2948906304,Graduate Engineer Trainees (Mechanical),Algoma Steel Inc.,Canada,3/2/2022,https://ca.linkedin.com/jobs/view/graduate-engineer-trainees-mechanical-at-algoma-steel-inc-2948906304?refId=y6kIi6dUyl1tWfiq9KC8uQ%3D%3D&trackingId=A8YaDjv1tdelislmR0x%2FCw%3D%3D&position=14&pageNum=1&trk=public_jobs_jserp-result_search-card,3905,Full-time,,Sault Ste. Marie Ontario Canada ,
2948493764,Head Of Customer Experience,A2X,Canada,3/2/2022,https://ca.linkedin.com/jobs/view/head-of-customer-experience-at-a2x-2948493764?refId=y6kIi6dUyl1tWfiq9KC8uQ%3D%3D&trackingId=ZY7lzZuc1xEvmc14LZO3Ig%3D%3D&position=16&pageNum=1&trk=public_jobs_jserp-result_search-card,2771,Full-time,,Canada,
2947532576,Social Media Marketing Specialist,Nocha Store,Canada,3/4/2022,https://ca.linkedin.com/jobs/view/social-media-marketing-specialist-at-nocha-store-2947532576?refId=y6kIi6dUyl1tWfiq9KC8uQ%3D%3D&trackingId=J6ssp6B4JL9ufON9pt8ZKg%3D%3D&position=17&pageNum=1&trk=public_jobs_jserp-result_search-card,2825,Contract,,Canada,
2951795170,Mechanical Designer,Actalent,Canada,3/4/2022,https://ca.linkedin.com/jobs/view/mechanical-designer-at-actalent-2951795170?refId=y6kIi6dUyl1tWfiq9KC8uQ%3D%3D&trackingId=IX%2Bqm6%2BMph2f2bVKc2ECnA%3D%3D&position=18&pageNum=1&trk=public_jobs_jserp-result_search-card,3686,Contract,Entry level,London Ontario Canada,Engineering and Information Technology
2948802110,Digital Marketing Intern,iRestify,Canada,3/2/2022,https://ca.linkedin.com/jobs/view/digital-marketing-intern-at-irestify-2948802110?refId=y6kIi6dUyl1tWfiq9KC8uQ%3D%3D&trackingId=uCy5rxQdYk4fUphR83hqkQ%3D%3D&position=19&pageNum=1&trk=public_jobs_jserp-result_search-card,3085,Internship,,Toronto Ontario Canada,
2951696008,Administrative Assistant (Permanent Part-Time),Ontario Municipal Social Services Association,Canada,3/4/2022,https://ca.linkedin.com/jobs/view/administrative-assistant-permanent-part-time-at-ontario-municipal-social-services-association-2951696008?refId=y6kIi6dUyl1tWfiq9KC8uQ%3D%3D&trackingId=OhVROwCsMiQQSoeM%2BqzsLA%3D%3D&position=20&pageNum=1&trk=public_jobs_jserp-result_search-card,4647,Part-time,,Toronto Ontario Canada ,
2947524755,Business Development Partner Crypto,Airdrop,Canada,3/4/2022,https://ca.linkedin.com/jobs/view/business-development-partner-crypto-at-airdrop-2947524755?refId=y6kIi6dUyl1tWfiq9KC8uQ%3D%3D&trackingId=5KX8oe6Nz0YXvWMv%2FhiHdQ%3D%3D&position=21&pageNum=1&trk=public_jobs_jserp-result_search-card,3955,Full-time,,Canada,
2948387233,Administrative Assistant,Globeia,Canada,3/2/2022,https://ca.linkedin.com/jobs/view/administrative-assistant-at-globeia-2948387233?refId=y6kIi6dUyl1tWfiq9KC8uQ%3D%3D&trackingId=UTaLDooAeaCyUVt2q37X9Q%3D%3D&position=22&pageNum=1&trk=public_jobs_jserp-result_search-card,1374,Full-time,,Ontario Canada,
2947523312,Analyst,Constellation Software Inc.,Canada,3/4/2022,https://ca.linkedin.com/jobs/view/analyst-at-constellation-software-inc-2947523312?refId=y6kIi6dUyl1tWfiq9KC8uQ%3D%3D&trackingId=6hq9czx6X7XqMpnc0HdW0g%3D%3D&position=23&pageNum=1&trk=public_jobs_jserp-result_search-card,2543,Full-time,Entry level,Toronto Ontario Canada,Analyst
2951603988,Bookkeeper,Tremeng Group Incorporated,Canada,3/4/2022,https://ca.linkedin.com/jobs/view/bookkeeper-at-tremeng-group-incorporated-2951603988?refId=Ym0cvT4%2B2GLR46QiI77MhA%3D%3D&trackingId=8RIC8ugjsaMiO9ffltgHiw%3D%3D&position=1&pageNum=2&trk=public_jobs_jserp-result_search-card,2887,Full-time,,Greater Toronto Area Canada,
2947389972,Associate Marketing Manager,The Green Organic Dutchman,Canada,3/4/2022,https://ca.linkedin.com/jobs/view/associate-marketing-manager-at-the-green-organic-dutchman-2947389972?refId=Ym0cvT4%2B2GLR46QiI77MhA%3D%3D&trackingId=ai2EKLdGFlPXSRKzrfKKYA%3D%3D&position=2&pageNum=2&trk=public_jobs_jserp-result_search-card,5076,Full-time,,Mississauga Ontario Canada,
2948959736,Sales & Marketing Coordinator,W Toronto,Canada,3/2/2022,https://ca.linkedin.com/jobs/view/sales-marketing-coordinator-at-w-toronto-2948959736?refId=Ym0cvT4%2B2GLR46QiI77MhA%3D%3D&trackingId=pWdn3SUq%2BjndDGBJhevHFw%3D%3D&position=3&pageNum=2&trk=public_jobs_jserp-result_search-card,8118,Contract,Entry level,Toronto Ontario Canada,Marketing and Sales
2948956133,Water/Wastewater Process Engineer - Junior,AWC Solutions,Canada,3/2/2022,https://ca.linkedin.com/jobs/view/water-wastewater-process-engineer-junior-at-awc-solutions-2948956133?refId=Ym0cvT4%2B2GLR46QiI77MhA%3D%3D&trackingId=VaKFZWU1xrL1XKijN2uPEA%3D%3D&position=4&pageNum=2&trk=public_jobs_jserp-result_search-card,3877,Full-time,Associate,City of Langley British Columbia Canada ,Engineering
2949155304,Social Media Coordinator,Staffworks,Canada,3/3/2022,https://ca.linkedin.com/jobs/view/social-media-coordinator-at-staffworks-2949155304?refId=Ym0cvT4%2B2GLR46QiI77MhA%3D%3D&trackingId=uVChEWsWD3O5VKUltfwNYQ%3D%3D&position=5&pageNum=2&trk=public_jobs_jserp-result_search-card,3460,Full-time,,Toronto Ontario Canada,
2947527382,Digital Marketing Intern,Labelium,Canada,3/4/2022,https://ca.linkedin.com/jobs/view/digital-marketing-intern-at-labelium-2947527382?refId=Ym0cvT4%2B2GLR46QiI77MhA%3D%3D&trackingId=Tk%2BeRF%2FYlZOcyuc8OtIozw%3D%3D&position=6&pageNum=2&trk=public_jobs_jserp-result_search-card,3790,Full-time,Internship,Greater Montreal Metropolitan Area,Marketing Advertising and Strategy/Planning
2948886548,Chemist AD - Etobicoke - Days,Apotex Inc.,Canada,3/2/2022,https://ca.linkedin.com/jobs/view/chemist-ad-etobicoke-days-at-apotex-inc-2948886548?refId=Ym0cvT4%2B2GLR46QiI77MhA%3D%3D&trackingId=wZcOjRhwV6kYJ%2FC9ln3ixQ%3D%3D&position=7&pageNum=2&trk=public_jobs_jserp-result_search-card,5451,Full-time,Associate,Etobicoke Ontario Canada,Research Analyst and Information Technology
2948925057,Broadcast Media Assistant,dentsu Media,Canada,3/2/2022,https://ca.linkedin.com/jobs/view/broadcast-media-assistant-at-dentsu-media-2948925057?refId=Ym0cvT4%2B2GLR46QiI77MhA%3D%3D&trackingId=6f8Ktb3xJZgt7NQQSidpGw%3D%3D&position=8&pageNum=2&trk=public_jobs_jserp-result_search-card,2705,Full-time,Not Applicable,Toronto Ontario Canada,Other
2949050842,KYC Compliance Analyst,Prime Hires,Canada,3/2/2022,https://ca.linkedin.com/jobs/view/kyc-compliance-analyst-at-prime-hires-2949050842?refId=Ym0cvT4%2B2GLR46QiI77MhA%3D%3D&trackingId=LR19KoIMm4QDGDFk%2FEtiVg%3D%3D&position=9&pageNum=2&trk=public_jobs_jserp-result_search-card,2022,Full-time,Associate,Toronto Ontario Canada,Legal
2947393608,Investment Operations Associate,The August Group,Canada,3/4/2022,https://ca.linkedin.com/jobs/view/investment-operations-associate-at-the-august-group-2947393608?refId=Ym0cvT4%2B2GLR46QiI77MhA%3D%3D&trackingId=PPaROuSqcrpttz9W7O9%2BHw%3D%3D&position=10&pageNum=2&trk=public_jobs_jserp-result_search-card,3908,Full-time,,Toronto Ontario Canada,
2951790130,Remote Admin Work From Home,Remote Data Entry Jobs,Canada,3/4/2022,https://ca.linkedin.com/jobs/view/remote-admin-work-from-home-at-remote-data-entry-jobs-2951790130?refId=Ym0cvT4%2B2GLR46QiI77MhA%3D%3D&trackingId=jw%2BjDdeOmnZRKovIhsfGWQ%3D%3D&position=11&pageNum=2&trk=public_jobs_jserp-result_search-card,3644,Part-time,Entry level,Toronto Ontario Canada,Other
2947527462,Information Technology Business Analyst,SPICE Technology Group Inc.,Canada,3/4/2022,https://ca.linkedin.com/jobs/view/information-technology-business-analyst-at-spice-technology-group-inc-2947527462?refId=Ym0cvT4%2B2GLR46QiI77MhA%3D%3D&trackingId=e1ppoqRVnccMajGuYYOY0g%3D%3D&position=12&pageNum=2&trk=public_jobs_jserp-result_search-card,58,Full-time,,London Ontario Canada,
2949124570,Marketing Assistant,Next Level Recruiting Inc,Canada,3/3/2022,https://ca.linkedin.com/jobs/view/marketing-assistant-at-next-level-recruiting-inc-2949124570?refId=Ym0cvT4%2B2GLR46QiI77MhA%3D%3D&trackingId=bq0mT0I7ihCBWAUhEn0zKQ%3D%3D&position=13&pageNum=2&trk=public_jobs_jserp-result_search-card,3545,Full-time,Entry level,Mississauga Ontario Canada,Marketing and Sales
2951784046,Recruiting Assistant,IFG - International Financial Group,Canada,3/4/2022,https://ca.linkedin.com/jobs/view/recruiting-assistant-at-ifg-international-financial-group-2951784046?refId=Ym0cvT4%2B2GLR46QiI77MhA%3D%3D&trackingId=G8EGWh5sxX9jy8rHje6rBg%3D%3D&position=14&pageNum=2&trk=public_jobs_jserp-result_search-card,1449,Contract,Entry level,Ontario Canada ,Human Resources
2951685637,Financial Analyst,Telecon,Canada,3/4/2022,https://ca.linkedin.com/jobs/view/financial-analyst-at-telecon-2951685637?refId=Ym0cvT4%2B2GLR46QiI77MhA%3D%3D&trackingId=rCJBgsFRglfCQchstMVNPw%3D%3D&position=15&pageNum=2&trk=public_jobs_jserp-result_search-card,3114,Full-time,Associate,Vaughan Ontario Canada,Accounting/Auditing Finance and General Business
2948404793,Design Intern,Umbra,Canada,3/2/2022,https://ca.linkedin.com/jobs/view/design-intern-at-umbra-2948404793?refId=Ym0cvT4%2B2GLR46QiI77MhA%3D%3D&trackingId=k6XK4Tw9VGe%2BMb6XtiFojg%3D%3D&position=16&pageNum=2&trk=public_jobs_jserp-result_search-card,2440,Contract,Internship,Toronto Ontario Canada,Art/Creative and Design
2947539933,Analyst Business Operations - Capital Markets,ML6 Search + Talent Advisory,Canada,3/4/2022,https://ca.linkedin.com/jobs/view/analyst-business-operations-capital-markets-at-ml6-search-%2B-talent-advisory-2947539933?refId=Ym0cvT4%2B2GLR46QiI77MhA%3D%3D&trackingId=K8XWjnx82J1MEj19KxRoZg%3D%3D&position=17&pageNum=2&trk=public_jobs_jserp-result_search-card,1711,Full-time,Associate,Toronto Ontario Canada,Analyst Administrative and Customer Service
2948958499,Water/Wastewater Process Engineer - Junior,AWC Solutions,Canada,3/2/2022,https://ca.linkedin.com/jobs/view/water-wastewater-process-engineer-junior-at-awc-solutions-2948958499?refId=Ym0cvT4%2B2GLR46QiI77MhA%3D%3D&trackingId=VqJ76RI9XkoZL4rcwRqfkA%3D%3D&position=18&pageNum=2&trk=public_jobs_jserp-result_search-card,3877,Full-time,Associate,Calgary Alberta Canada ,Engineering
2949118853,Entry Level Management and Consultant,Spade Recruiting,Canada,3/3/2022,https://ca.linkedin.com/jobs/view/entry-level-management-and-consultant-at-spade-recruiting-2949118853?refId=Ym0cvT4%2B2GLR46QiI77MhA%3D%3D&trackingId=1tTv9vztDVUsdfw750Rj3Q%3D%3D&position=19&pageNum=2&trk=public_jobs_jserp-result_search-card,1827,Full-time,Entry level,Vaughan Ontario Canada ,Consulting Information Technology and Sales
2947511533,Catering Event Manager,Oliver & Bonacini Hospitality,Canada,3/4/2022,https://ca.linkedin.com/jobs/view/catering-event-manager-at-oliver-bonacini-hospitality-2947511533?refId=Ym0cvT4%2B2GLR46QiI77MhA%3D%3D&trackingId=TrPw8smTj3fXMuvmMOCSnQ%3D%3D&position=20&pageNum=2&trk=public_jobs_jserp-result_search-card,2980,Full-time,Mid-Senior level,Toronto Ontario Canada,Other
2951362260,Human Resources Intern,XIRCLS - Collaborative Marketing Network,Canada,3/4/2022,https://ca.linkedin.com/jobs/view/human-resources-intern-at-xircls-collaborative-marketing-network-2951362260?refId=Ym0cvT4%2B2GLR46QiI77MhA%3D%3D&trackingId=xwI8QNk3czpKkiQkLwacrA%3D%3D&position=21&pageNum=2&trk=public_jobs_jserp-result_search-card,2785,Internship,,Canada,
2951783107,Partnerships Intern,The Feldman Agency,Canada,3/4/2022,https://ca.linkedin.com/jobs/view/partnerships-intern-at-the-feldman-agency-2951783107?refId=Ym0cvT4%2B2GLR46QiI77MhA%3D%3D&trackingId=TSUxSimGQ%2FD7hHuN%2BpZD0A%3D%3D&position=22&pageNum=2&trk=public_jobs_jserp-result_search-card,2817,Internship,,Toronto Ontario Canada,
2951348150,Assistant Account Executive,Surowicz Consulting,Canada,3/4/2022,https://ca.linkedin.com/jobs/view/assistant-account-executive-at-surowicz-consulting-2951348150?refId=Ym0cvT4%2B2GLR46QiI77MhA%3D%3D&trackingId=mwVVrxZrWjnTJmx%2BYN%2Bk1w%3D%3D&position=23&pageNum=2&trk=public_jobs_jserp-result_search-card,2321,Full-time,,Canada,
2951702545,Project Coordinator Marketing,Brightworks Interactive Marketing,Canada,3/4/2022,https://ca.linkedin.com/jobs/view/project-coordinator-marketing-at-brightworks-interactive-marketing-2951702545?refId=s4xTr6YiJMjwO7ZYuv2rpg%3D%3D&trackingId=I3WwB8mAOzXLMUwzWAKbTw%3D%3D&position=1&pageNum=3&trk=public_jobs_jserp-result_search-card,3052,Full-time,,Toronto Ontario Canada,
2948955470,Corporate Receptionist,Peak Associates Limited,Canada,3/2/2022,https://ca.linkedin.com/jobs/view/corporate-receptionist-at-peak-associates-limited-2948955470?refId=s4xTr6YiJMjwO7ZYuv2rpg%3D%3D&trackingId=8k0fTbuRwAbxwVm1HjAY5A%3D%3D&position=2&pageNum=3&trk=public_jobs_jserp-result_search-card,1654,Full-time,,Mississauga Ontario Canada,
2948855861,Entry Level Registration Office Assistant,Queen's College of Business Technology & Public Safety,Canada,3/2/2022,https://ca.linkedin.com/jobs/view/entry-level-registration-office-assistant-at-queen-s-college-of-business-technology-public-safety-2948855861?refId=s4xTr6YiJMjwO7ZYuv2rpg%3D%3D&trackingId=AZy%2FM2sdItXaCz02OXDI%2Fw%3D%3D&position=3&pageNum=3&trk=public_jobs_jserp-result_search-card,2703,Full-time,,Mississauga Ontario Canada,
2948884086,Administrative Coordinator,Western University,Canada,3/2/2022,https://ca.linkedin.com/jobs/view/administrative-coordinator-at-western-university-2948884086?refId=s4xTr6YiJMjwO7ZYuv2rpg%3D%3D&trackingId=ljCfD3Y59119%2F3uUbNacHQ%3D%3D&position=4&pageNum=3&trk=public_jobs_jserp-result_search-card,1293,Contract,,London Ontario Canada,
2951349302,2022 Summer - Software Development Intern,Workiva,Canada,3/4/2022,https://ca.linkedin.com/jobs/view/2022-summer-software-development-intern-at-workiva-2951349302?refId=s4xTr6YiJMjwO7ZYuv2rpg%3D%3D&trackingId=Fq1RLit4FaLIs5HQ7%2Bej4w%3D%3D&position=5&pageNum=3&trk=public_jobs_jserp-result_search-card,4849,Full-time,Internship,Sault Ste. Marie Ontario Canada,Engineering and Information Technology
2947552311,Marketing Coordinator,Atlantis Strength,Canada,3/4/2022,https://ca.linkedin.com/jobs/view/marketing-coordinator-at-atlantis-strength-2947552311?refId=s4xTr6YiJMjwO7ZYuv2rpg%3D%3D&trackingId=jfXqmBV6Q%2B%2F0eiIYbVuZOA%3D%3D&position=6&pageNum=3&trk=public_jobs_jserp-result_search-card,2203,Full-time,,Laval Quebec Canada,
2951776422,Data Analyst,Confidential,Canada,3/4/2022,https://ca.linkedin.com/jobs/view/data-analyst-at-confidential-2951776422?refId=s4xTr6YiJMjwO7ZYuv2rpg%3D%3D&trackingId=AQEctXSl4YTvso5dM5LUMg%3D%3D&position=7&pageNum=3&trk=public_jobs_jserp-result_search-card,1381,Contract,,Canada,
2948828423,Remote-Service Desk Tech I,CompuCom,Canada,3/2/2022,https://ca.linkedin.com/jobs/view/remote-service-desk-tech-i-at-compucom-2948828423?refId=s4xTr6YiJMjwO7ZYuv2rpg%3D%3D&trackingId=6Tt9V6U6a6CC2xykLVx6Kw%3D%3D&position=8&pageNum=3&trk=public_jobs_jserp-result_search-card,3556,Full-time,Entry level,Mississauga Ontario Canada,Information Technology
2951139316,Event Manager,Applicantz,Canada,3/4/2022,https://ca.linkedin.com/jobs/view/event-manager-at-applicantz-2951139316?refId=s4xTr6YiJMjwO7ZYuv2rpg%3D%3D&trackingId=%2Bsr5%2Fyz9NzZd9sGsrHGFpQ%3D%3D&position=9&pageNum=3&trk=public_jobs_jserp-result_search-card,4238,Contract,Mid-Senior level,Montreal Quebec Canada ,Information Technology
2947381735,Business System Analyst,Honda Canada Inc.,Canada,3/4/2022,https://ca.linkedin.com/jobs/view/business-system-analyst-at-honda-canada-inc-2947381735?refId=s4xTr6YiJMjwO7ZYuv2rpg%3D%3D&trackingId=aOSUdogDmA7WVbf2UY5H6g%3D%3D&position=10&pageNum=3&trk=public_jobs_jserp-result_search-card,167,Contract,,Toronto Ontario Canada,
2948390272,Social Media Content Creator,Joshi Digital Solutions,Canada,3/2/2022,https://ca.linkedin.com/jobs/view/social-media-content-creator-at-joshi-digital-solutions-2948390272?refId=s4xTr6YiJMjwO7ZYuv2rpg%3D%3D&trackingId=3mEmGcmXIkFlcEbW6w1xLw%3D%3D&position=11&pageNum=3&trk=public_jobs_jserp-result_search-card,1602,Contract,,Toronto Ontario Canada,
2949128167,Entry Level Recruiter,Next Level Recruiting Inc,Canada,3/3/2022,https://ca.linkedin.com/jobs/view/entry-level-recruiter-at-next-level-recruiting-inc-2949128167?refId=s4xTr6YiJMjwO7ZYuv2rpg%3D%3D&trackingId=EyBPlutSgnRcfT7WHLls0w%3D%3D&position=12&pageNum=3&trk=public_jobs_jserp-result_search-card,2279,Full-time,Entry level,Mississauga Ontario Canada,Human Resources
2949123733,Entry Level Recruiter,Next Level Recruiting Inc,Canada,3/3/2022,https://ca.linkedin.com/jobs/view/entry-level-recruiter-at-next-level-recruiting-inc-2949123733?refId=s4xTr6YiJMjwO7ZYuv2rpg%3D%3D&trackingId=z96hDrDbpMDgUpkJwavf7A%3D%3D&position=13&pageNum=3&trk=public_jobs_jserp-result_search-card,2279,Full-time,Entry level,Mississauga Ontario Canada,Human Resources
2947539890,Senior Associate,DoorDash,Canada,3/4/2022,https://ca.linkedin.com/jobs/view/senior-associate-at-doordash-2947539890?refId=s4xTr6YiJMjwO7ZYuv2rpg%3D%3D&trackingId=EsSRG8UoAyD096mAjJjjzA%3D%3D&position=14&pageNum=3&trk=public_jobs_jserp-result_search-card,4944,Full-time,Mid-Senior level,Toronto Ontario Canada,Strategy/Planning Analyst and Information Technology
2947374612,Analyst Middle Office,BNY Mellon,Canada,2/7/2022,https://ca.linkedin.com/jobs/view/analyst-middle-office-at-bny-mellon-2947374612?refId=s4xTr6YiJMjwO7ZYuv2rpg%3D%3D&trackingId=m1q82psAp2JO17tcrzijNQ%3D%3D&position=15&pageNum=3&trk=public_jobs_jserp-result_search-card,2064,Full-time,Not Applicable,Toronto Ontario Canada,Finance and Sales
2951758953,Business Internship,Millennium Recruiting Inc.,Canada,3/4/2022,https://ca.linkedin.com/jobs/view/business-internship-at-millennium-recruiting-inc-2951758953?refId=s4xTr6YiJMjwO7ZYuv2rpg%3D%3D&trackingId=%2B8gE1md2R3YMFmFuh2o5sQ%3D%3D&position=16&pageNum=3&trk=public_jobs_jserp-result_search-card,1199,Full-time,Entry level,Vancouver British Columbia Canada,Marketing Sales and Customer Service
2951736028,Mortgage Administrator,IC Savings,Canada,3/4/2022,https://ca.linkedin.com/jobs/view/mortgage-administrator-at-ic-savings-2951736028?refId=s4xTr6YiJMjwO7ZYuv2rpg%3D%3D&trackingId=oPaAn2Gm23O%2F9CuiUb8vdA%3D%3D&position=17&pageNum=3&trk=public_jobs_jserp-result_search-card,4654,Full-time,Associate,Toronto Ontario Canada,Administrative and Customer Service
2948905940,Wind Turbine Engineer,DNV,Canada,3/2/2022,https://ca.linkedin.com/jobs/view/wind-turbine-engineer-at-dnv-2948905940?refId=s4xTr6YiJMjwO7ZYuv2rpg%3D%3D&trackingId=CB%2FSDf3VvZTlzEm5umihxQ%3D%3D&position=18&pageNum=3&trk=public_jobs_jserp-result_search-card,9346,Full-time,Not Applicable,Montreal Quebec Canada,Engineering
2948953817,Asset Management Analyst,Altis Recruitment,Canada,3/2/2022,https://ca.linkedin.com/jobs/view/asset-management-analyst-at-altis-recruitment-2948953817?refId=s4xTr6YiJMjwO7ZYuv2rpg%3D%3D&trackingId=0B7gtrqQXS5%2BGOB0bGU9sA%3D%3D&position=19&pageNum=3&trk=public_jobs_jserp-result_search-card,2720,Full-time,,Toronto Ontario Canada ,
2948911239,Wind Turbine Engineer,DNV,Canada,3/2/2022,https://ca.linkedin.com/jobs/view/wind-turbine-engineer-at-dnv-2948911239?refId=s4xTr6YiJMjwO7ZYuv2rpg%3D%3D&trackingId=%2F%2BNSukTxWhrbIFoKnMuGLw%3D%3D&position=20&pageNum=3&trk=public_jobs_jserp-result_search-card,9346,Full-time,Not Applicable,Toronto Ontario Canada,Engineering
2945401513,Front End Development- Intern,The MRG Group,Canada,3/1/2022,https://ca.linkedin.com/jobs/view/front-end-development-intern-at-the-mrg-group-2945401513?refId=s4xTr6YiJMjwO7ZYuv2rpg%3D%3D&trackingId=LukpXyxTUkWlMkjX1l4d%2BA%3D%3D&position=21&pageNum=3&trk=public_jobs_jserp-result_search-card,2467,Internship,,Toronto Ontario Canada ,
2947374614,Analyst Middle Office,BNY Mellon,Canada,2/7/2022,https://ca.linkedin.com/jobs/view/analyst-middle-office-at-bny-mellon-2947374614?refId=s4xTr6YiJMjwO7ZYuv2rpg%3D%3D&trackingId=COx%2F3W4ZFU7nNMP8fTbSCg%3D%3D&position=22&pageNum=3&trk=public_jobs_jserp-result_search-card,2061,Full-time,Not Applicable,Toronto Ontario Canada,Finance and Sales
2947540824,Director Of Operations,Linxus Group Inc.,Canada,3/4/2022,https://ca.linkedin.com/jobs/view/director-of-operations-at-linxus-group-inc-2947540824?refId=s4xTr6YiJMjwO7ZYuv2rpg%3D%3D&trackingId=z989vXutvDqIhLS1k2QDUw%3D%3D&position=23&pageNum=3&trk=public_jobs_jserp-result_search-card,2956,Full-time,Director,Saint John New Brunswick Canada,Supply Chain Management and Strategy/Planning
2951792536,Mechanical Designer,Actalent,Canada,3/4/2022,https://ca.linkedin.com/jobs/view/mechanical-designer-at-actalent-2951792536?refId=s4xTr6YiJMjwO7ZYuv2rpg%3D%3D&trackingId=4MWUP1LU%2FsBorBHGWaLQ8A%3D%3D&position=24&pageNum=3&trk=public_jobs_jserp-result_search-card,5113,Contract,Entry level,Valcourt Quebec Canada,Engineering and Information Technology
2951815921,Senior Operations Manager,Autzu,Canada,3/4/2022,https://ca.linkedin.com/jobs/view/senior-operations-manager-at-autzu-2951815921?refId=yEb%2Fb8QTw7T1JmMDu%2FSE6w%3D%3D&trackingId=ETTtjdsiei2acaIaJ4eWfg%3D%3D&position=2&pageNum=4&trk=public_jobs_jserp-result_search-card,1618,Full-time,Mid-Senior level,Toronto Ontario Canada,Business Development Strategy/Planning and Project Management
2948437078,Junior Project Engineering (Automation Systems),Lakeside Process Controls,Canada,3/2/2022,https://ca.linkedin.com/jobs/view/junior-project-engineering-automation-systems-at-lakeside-process-controls-2948437078?refId=yEb%2Fb8QTw7T1JmMDu%2FSE6w%3D%3D&trackingId=p6TOAr0nxkfxA3xAeh6K6g%3D%3D&position=3&pageNum=4&trk=public_jobs_jserp-result_search-card,4191,Full-time,Entry level,Mississauga Ontario Canada,Engineering Design and Project Management
2947518278,Lease Administrator,Brasswater,Canada,3/4/2022,https://ca.linkedin.com/jobs/view/lease-administrator-at-brasswater-2947518278?refId=yEb%2Fb8QTw7T1JmMDu%2FSE6w%3D%3D&trackingId=SZPB%2FI3Z2rXHi51CwhBnwQ%3D%3D&position=5&pageNum=4&trk=public_jobs_jserp-result_search-card,1837,Full-time,,Montreal Quebec Canada,
2947530239,Senior Finance Analyst,TD,Canada,3/4/2022,https://ca.linkedin.com/jobs/view/senior-finance-analyst-at-td-2947530239?refId=yEb%2Fb8QTw7T1JmMDu%2FSE6w%3D%3D&trackingId=hy%2BHLop2%2BJw%2FIhykFm8dJg%3D%3D&position=6&pageNum=4&trk=public_jobs_jserp-result_search-card,5448,Full-time,Not Applicable,Toronto Ontario Canada,Finance and Sales
2947395249,Quality Assurance Analyst,Infor,Canada,3/4/2022,https://ca.linkedin.com/jobs/view/quality-assurance-analyst-at-infor-2947395249?refId=yEb%2Fb8QTw7T1JmMDu%2FSE6w%3D%3D&trackingId=6FYnRxvzraq%2FCB%2FbiuJ6uQ%3D%3D&position=7&pageNum=4&trk=public_jobs_jserp-result_search-card,4198,Full-time,Entry level,Vancouver British Columbia Canada,Quality Assurance
2947541843,Entry Level Event Manager,Simplified Marketing Solutions,Canada,3/4/2022,https://ca.linkedin.com/jobs/view/entry-level-event-manager-at-simplified-marketing-solutions-2947541843?refId=yEb%2Fb8QTw7T1JmMDu%2FSE6w%3D%3D&trackingId=b9iWuhRPKfbSQZH%2F%2FGS52A%3D%3D&position=8&pageNum=4&trk=public_jobs_jserp-result_search-card,1899,Full-time,Entry level,Calgary Alberta Canada,Customer Service Management and Marketing
2947500841,Digital Marketing Communications Intern (Remote),Talentify.io,Canada,3/3/2022,https://ca.linkedin.com/jobs/view/digital-marketing-communications-intern-remote-at-talentify-io-2947500841?refId=yEb%2Fb8QTw7T1JmMDu%2FSE6w%3D%3D&trackingId=il7jK0y%2FgoFmaYCoeGPtIQ%3D%3D&position=9&pageNum=4&trk=public_jobs_jserp-result_search-card,2397,Internship,Internship,Canada,Marketing and Sales
2951719469,Customer Care Coordinator,DM Lyons Consulting,Canada,3/4/2022,https://ca.linkedin.com/jobs/view/customer-care-coordinator-at-dm-lyons-consulting-2951719469?refId=yEb%2Fb8QTw7T1JmMDu%2FSE6w%3D%3D&trackingId=njlCktni3CgSG%2BaJDkfV2g%3D%3D&position=10&pageNum=4&trk=public_jobs_jserp-result_search-card,6448,Full-time,Associate,Toronto Ontario Canada ,Customer Service and Administrative
2949057809,Quality Assurance Associate,Abbott,Canada,3/2/2022,https://ca.linkedin.com/jobs/view/quality-assurance-associate-at-abbott-2949057809?refId=yEb%2Fb8QTw7T1JmMDu%2FSE6w%3D%3D&trackingId=J76uKZFgfIY%2BkJbr4emC%2FA%3D%3D&position=11&pageNum=4&trk=public_jobs_jserp-result_search-card,3872,Full-time,Associate,Mississauga Ontario Canada,Quality Assurance
2949057660,Pharmacovigilance Associate - 15 Month Contract w/Benefits,Innomar Strategies,Canada,3/2/2022,https://ca.linkedin.com/jobs/view/pharmacovigilance-associate-15-month-contract-w-benefits-at-innomar-strategies-2949057660?refId=yEb%2Fb8QTw7T1JmMDu%2FSE6w%3D%3D&trackingId=NIbDc%2B3csSgGIWB%2BKqYbzA%3D%3D&position=12&pageNum=4&trk=public_jobs_jserp-result_search-card,3831,Full-time,Associate,Ontario Canada,Research Analyst and Information Technology
2951262763,Marketing Coordinator,Applicantz,Canada,3/4/2022,https://ca.linkedin.com/jobs/view/marketing-coordinator-at-applicantz-2951262763?refId=yEb%2Fb8QTw7T1JmMDu%2FSE6w%3D%3D&trackingId=r9%2FcIYHAQlYWyOUzUB4HwA%3D%3D&position=13&pageNum=4&trk=public_jobs_jserp-result_search-card,2361,Contract,Associate,Canada ,Marketing and Sales
2948962369,Engineering Program Manager,Canada Stampings Ltd.,Canada,3/2/2022,https://ca.linkedin.com/jobs/view/engineering-program-manager-at-canada-stampings-ltd-2948962369?refId=yEb%2Fb8QTw7T1JmMDu%2FSE6w%3D%3D&trackingId=Ix%2Bw5%2FbbZ%2BJQgxRA1cGpPA%3D%3D&position=14&pageNum=4&trk=public_jobs_jserp-result_search-card,112,Full-time,,Woodstock Ontario Canada,
2951794465,Mechanical Designer (NX),Actalent,Canada,3/4/2022,https://ca.linkedin.com/jobs/view/mechanical-designer-nx-at-actalent-2951794465?refId=yEb%2Fb8QTw7T1JmMDu%2FSE6w%3D%3D&trackingId=PWPN7WjFcRljFAvCQsJJmA%3D%3D&position=15&pageNum=4&trk=public_jobs_jserp-result_search-card,3391,Contract,Entry level,Brampton Ontario Canada,Engineering and Information Technology
2948812050,Research Assistant Intern,Ardra Inc,Canada,3/2/2022,https://ca.linkedin.com/jobs/view/research-assistant-intern-at-ardra-inc-2948812050?refId=yEb%2Fb8QTw7T1JmMDu%2FSE6w%3D%3D&trackingId=KCEL9fCTZY5T0LFWjjLwug%3D%3D&position=16&pageNum=4&trk=public_jobs_jserp-result_search-card,2006,Internship,,Greater Toronto Area Canada,
2947512751,Treasury Analyst,Finance Professionals Inc.,Canada,3/4/2022,https://ca.linkedin.com/jobs/view/treasury-analyst-at-finance-professionals-inc-2947512751?refId=yEb%2Fb8QTw7T1JmMDu%2FSE6w%3D%3D&trackingId=cyIH0Gwq9caMTUg6WVSenA%3D%3D&position=17&pageNum=4&trk=public_jobs_jserp-result_search-card,3728,Contract,,Ontario Canada,
2947504817,Senior Internal Auditor,ivari Canada,Canada,3/4/2022,https://ca.linkedin.com/jobs/view/senior-internal-auditor-at-ivari-canada-2947504817?refId=yEb%2Fb8QTw7T1JmMDu%2FSE6w%3D%3D&trackingId=ZDaSV%2FHdevLdD6vYeGAkPw%3D%3D&position=18&pageNum=4&trk=public_jobs_jserp-result_search-card,4256,Full-time,,Toronto Ontario Canada,
2951720191,Real Estate Coordinator - Contracts,Petroplan,Canada,3/4/2022,https://ca.linkedin.com/jobs/view/real-estate-coordinator-contracts-at-petroplan-2951720191?refId=yEb%2Fb8QTw7T1JmMDu%2FSE6w%3D%3D&trackingId=jOMt91Og6oV33xeXJE7LlQ%3D%3D&position=19&pageNum=4&trk=public_jobs_jserp-result_search-card,3377,Contract,Associate,Calgary Alberta Canada,Supply Chain
2947528807,Administrative Assistant,Metrolinx,Canada,3/4/2022,https://ca.linkedin.com/jobs/view/administrative-assistant-at-metrolinx-2947528807?refId=yEb%2Fb8QTw7T1JmMDu%2FSE6w%3D%3D&trackingId=O2idQ9oA6lzhVK0at4wLYw%3D%3D&position=20&pageNum=4&trk=public_jobs_jserp-result_search-card,5725,Full-time,Entry level,Toronto Ontario Canada,Administrative and General Business
2947519101,Electrical Engineer (FW/HW),RobboxÂ®,Canada,3/4/2022,https://ca.linkedin.com/jobs/view/electrical-engineer-fw-hw-at-robbox%C2%AE-2947519101?refId=yEb%2Fb8QTw7T1JmMDu%2FSE6w%3D%3D&trackingId=597Wml5THVwftge5rStpVg%3D%3D&position=22&pageNum=4&trk=public_jobs_jserp-result_search-card,1895,Full-time,,Burnaby British Columbia Canada,
2951661205,IT Support Analyst,Sym-Tech Dealer Services,Canada,3/4/2022,https://ca.linkedin.com/jobs/view/it-support-analyst-at-sym-tech-dealer-services-2951661205?refId=yEb%2Fb8QTw7T1JmMDu%2FSE6w%3D%3D&trackingId=IiPSv2B6MBGgN3oQigJVoQ%3D%3D&position=23&pageNum=4&trk=public_jobs_jserp-result_search-card,3303,Full-time,Associate,Richmond Hill Ontario Canada,Analyst Information Technology and Consulting
2948895429,Head Of Marketing,Trexo Robotics,Canada,3/2/2022,https://ca.linkedin.com/jobs/view/head-of-marketing-at-trexo-robotics-2948895429?refId=yEb%2Fb8QTw7T1JmMDu%2FSE6w%3D%3D&trackingId=BHWSWAYKYVlSugfVuqZA2A%3D%3D&position=24&pageNum=4&trk=public_jobs_jserp-result_search-card,2875,Full-time,,Canada,
2949123895,Junior IT Support Technician,Triton Environmental Consultants Ltd.,Canada,3/3/2022,https://ca.linkedin.com/jobs/view/junior-it-support-technician-at-triton-environmental-consultants-ltd-2949123895?refId=yEb%2Fb8QTw7T1JmMDu%2FSE6w%3D%3D&trackingId=U7ROeVt4kXbfDbkTZ9Pozw%3D%3D&position=25&pageNum=4&trk=public_jobs_jserp-result_search-card,4773,Full-time,Mid-Senior level,Vancouver British Columbia Canada,Information Technology
2947396542,Engineering COOP,The Coca-Cola Company,Canada,3/4/2022,https://ca.linkedin.com/jobs/view/engineering-coop-at-the-coca-cola-company-2947396542?refId=12HiEb4wZs3rk90Zp6ScCA%3D%3D&trackingId=oU30Xi%2BMKrFOWRAJ%2BmDPVQ%3D%3D&position=1&pageNum=5&trk=public_jobs_jserp-result_search-card,6830,Full-time,Internship,Peterborough Ontario Canada,Education and Training
2951254350,Advisory Acceleration Centre Financial Crime Unit Analyst (Remote),PwC Canada,Canada,3/4/2022,https://ca.linkedin.com/jobs/view/advisory-acceleration-centre-financial-crime-unit-analyst-remote-at-pwc-canada-2951254350?refId=12HiEb4wZs3rk90Zp6ScCA%3D%3D&trackingId=O1UB58ztdK0XxKy%2B%2Bo4tug%3D%3D&position=2&pageNum=5&trk=public_jobs_jserp-result_search-card,6604,Full-time,Associate,Toronto Ontario Canada,Other Information Technology and Management
2951402599,Financial Analyst,Ipsos North America,Canada,3/4/2022,https://ca.linkedin.com/jobs/view/financial-analyst-at-ipsos-north-america-2951402599?refId=12HiEb4wZs3rk90Zp6ScCA%3D%3D&trackingId=0fkGWq6DLeynXf3cC8KibA%3D%3D&position=3&pageNum=5&trk=public_jobs_jserp-result_search-card,3270,Full-time,Entry level,Toronto Ontario Canada,Finance and Sales
2951795995,Manual Tester,Actalent,Canada,3/4/2022,https://ca.linkedin.com/jobs/view/manual-tester-at-actalent-2951795995?refId=12HiEb4wZs3rk90Zp6ScCA%3D%3D&trackingId=CQhlv5p4eFItwf%2BkzcVgFQ%3D%3D&position=4&pageNum=5&trk=public_jobs_jserp-result_search-card,3644,Contract,Entry level,Oakville Ontario Canada,Engineering and Information Technology
2947544408,Production Supervisor,Ventura Foods,Canada,3/4/2022,https://ca.linkedin.com/jobs/view/production-supervisor-at-ventura-foods-2947544408?refId=12HiEb4wZs3rk90Zp6ScCA%3D%3D&trackingId=dDEqYVNA%2B1X0tW3h12X7HQ%3D%3D&position=5&pageNum=5&trk=public_jobs_jserp-result_search-card,5887,Full-time,Mid-Senior level,Toronto Ontario Canada,Manufacturing Production and Human Resources
2951799600,Manual Tester,Actalent,Canada,3/4/2022,https://ca.linkedin.com/jobs/view/manual-tester-at-actalent-2951799600?refId=12HiEb4wZs3rk90Zp6ScCA%3D%3D&trackingId=TIPbqfQAcQM4WRDjGX%2Bg1w%3D%3D&position=6&pageNum=5&trk=public_jobs_jserp-result_search-card,3667,Contract,Entry level,Vancouver British Columbia Canada,Engineering and Information Technology
2947545773,Structural Design Engineer,Vertex Careers,Canada,3/4/2022,https://ca.linkedin.com/jobs/view/structural-design-engineer-at-vertex-careers-2947545773?refId=12HiEb4wZs3rk90Zp6ScCA%3D%3D&trackingId=YtO2zDHLui27gS38JAXQbg%3D%3D&position=7&pageNum=5&trk=public_jobs_jserp-result_search-card,1186,Full-time,,North Vancouver British Columbia Canada,
2949001646,Law Clerk,DAVIES SPINA FALQUEZ LLP,Canada,3/2/2022,https://ca.linkedin.com/jobs/view/law-clerk-at-davies-spina-falquez-llp-2949001646?refId=12HiEb4wZs3rk90Zp6ScCA%3D%3D&trackingId=B%2FZoA0V%2FePSBg6Ixa%2BF2Fg%3D%3D&position=8&pageNum=5&trk=public_jobs_jserp-result_search-card,7455,Full-time,,Toronto Ontario Canada,
2947383625,Logistics and Supply Chain - Talent Community,Kuehne+Nagel,Canada,3/4/2022,https://ca.linkedin.com/jobs/view/logistics-and-supply-chain-talent-community-at-kuehne%2Bnagel-2947383625?refId=12HiEb4wZs3rk90Zp6ScCA%3D%3D&trackingId=trg944kvK95gKeZ%2FsIwSsA%3D%3D&position=9&pageNum=5&trk=public_jobs_jserp-result_search-card,1052,Full-time,Associate,Canada,Supply Chain Customer Service and Sales
2948563642,Sales & Marketing Coordinator,Marriott International,Canada,3/2/2022,https://ca.linkedin.com/jobs/view/sales-marketing-coordinator-at-marriott-international-2948563642?refId=12HiEb4wZs3rk90Zp6ScCA%3D%3D&trackingId=9up2%2FtgZAbFt53vO8IycaA%3D%3D&position=10&pageNum=5&trk=public_jobs_jserp-result_search-card,2111,Full-time,Entry level,Toronto Ontario Canada,Marketing and Sales
2947514698,Logistics Analyst,Charger Logistics Inc.,Canada,3/4/2022,https://ca.linkedin.com/jobs/view/logistics-analyst-at-charger-logistics-inc-2947514698?refId=12HiEb4wZs3rk90Zp6ScCA%3D%3D&trackingId=8OiW%2FEx83lyMjYMNBTe0bQ%3D%3D&position=11&pageNum=5&trk=public_jobs_jserp-result_search-card,2485,Full-time,Entry level,Brampton Ontario Canada,Supply Chain
2949158154,Recruitment Intern,Ten Lifestyle Group,Canada,3/3/2022,https://ca.linkedin.com/jobs/view/recruitment-intern-at-ten-lifestyle-group-2949158154?refId=12HiEb4wZs3rk90Zp6ScCA%3D%3D&trackingId=QAuBLv17hDTV8IbI5mZ02A%3D%3D&position=12&pageNum=5&trk=public_jobs_jserp-result_search-card,2375,Internship,Entry level,Toronto Ontario Canada,Human Resources
2949069757,Processing Officer - Excel Database,Prime Hires,Canada,3/2/2022,https://ca.linkedin.com/jobs/view/processing-officer-excel-database-at-prime-hires-2949069757?refId=12HiEb4wZs3rk90Zp6ScCA%3D%3D&trackingId=64LwqA%2F0Ml6vzSdz%2FG%2B5%2BQ%3D%3D&position=13&pageNum=5&trk=public_jobs_jserp-result_search-card,2689,Full-time,Entry level,Toronto Ontario Canada,Other
2951420468,Administrative Assistant,GFL Environmental Inc.,Canada,3/4/2022,https://ca.linkedin.com/jobs/view/administrative-assistant-at-gfl-environmental-inc-2951420468?refId=12HiEb4wZs3rk90Zp6ScCA%3D%3D&trackingId=Tpf9Lijt7H2DvPXc%2FNicVw%3D%3D&position=14&pageNum=5&trk=public_jobs_jserp-result_search-card,2702,Full-time,Entry level,Hamilton Ontario Canada,Administrative
2947399155,CONTRACTS COORDINATOR NEW HOME CONSTRUCTION,Dean Group,Canada,3/4/2022,https://ca.linkedin.com/jobs/view/contracts-coordinator-new-home-construction-at-dean-group-2947399155?refId=12HiEb4wZs3rk90Zp6ScCA%3D%3D&trackingId=Xka6yMPJmsNcTbywi6U2TQ%3D%3D&position=15&pageNum=5&trk=public_jobs_jserp-result_search-card,918,Full-time,Associate,Toronto Ontario Canada,Administrative
2951617202,Regional Sales Manager,RAM Industries Inc.,Canada,3/4/2022,https://ca.linkedin.com/jobs/view/regional-sales-manager-at-ram-industries-inc-2951617202?refId=12HiEb4wZs3rk90Zp6ScCA%3D%3D&trackingId=5cQCZZ5jWldOp5Cm%2Faalew%3D%3D&position=16&pageNum=5&trk=public_jobs_jserp-result_search-card,3633,Full-time,,British Columbia Canada,
2947386828,Junior Research Developer,C-CORE,Canada,3/4/2022,https://ca.linkedin.com/jobs/view/junior-research-developer-at-c-core-2947386828?refId=12HiEb4wZs3rk90Zp6ScCA%3D%3D&trackingId=tNWUBQDcume099r5kO19SA%3D%3D&position=17&pageNum=5&trk=public_jobs_jserp-result_search-card,2901,Full-time,,Ottawa Ontario Canada,
2948460585,Marketing Coordinator,Majente,Canada,3/2/2022,https://ca.linkedin.com/jobs/view/marketing-coordinator-at-majente-2948460585?refId=12HiEb4wZs3rk90Zp6ScCA%3D%3D&trackingId=%2F4kqR1WvMhVKxX8b6wce5A%3D%3D&position=18&pageNum=5&trk=public_jobs_jserp-result_search-card,1822,Full-time,,Greater Toronto Area Canada ,
2951794461,Mechanical Drafter/designer,Actalent,Canada,3/4/2022,https://ca.linkedin.com/jobs/view/mechanical-drafter-designer-at-actalent-2951794461?refId=12HiEb4wZs3rk90Zp6ScCA%3D%3D&trackingId=qaJEqXIu6G6jeivtIB%2FF4g%3D%3D&position=19&pageNum=5&trk=public_jobs_jserp-result_search-card,2739,Contract,Entry level,Scarborough Ontario Canada,Design Art/Creative and Information Technology
2948884614,Financial Analyst - Pricing & Product Management,Aston Carter,Canada,3/2/2022,https://ca.linkedin.com/jobs/view/financial-analyst-pricing-product-management-at-aston-carter-2948884614?refId=12HiEb4wZs3rk90Zp6ScCA%3D%3D&trackingId=z36ZiromChMU0vQObVdqAg%3D%3D&position=21&pageNum=5&trk=public_jobs_jserp-result_search-card,2466,Full-time,,Vaughan Ontario Canada,
2951430066,Food And Beverage Supervisor,Island Yacht Club,Canada,3/4/2022,https://ca.linkedin.com/jobs/view/food-and-beverage-supervisor-at-island-yacht-club-2951430066?refId=12HiEb4wZs3rk90Zp6ScCA%3D%3D&trackingId=iuTS8TYBl8OIyO%2FHqGlJag%3D%3D&position=22&pageNum=5&trk=public_jobs_jserp-result_search-card,2621,Full-time,,Toronto Ontario Canada,
2947545207,Compliance and Settlements Analyst,Paradigm Capital,Canada,3/4/2022,https://ca.linkedin.com/jobs/view/compliance-and-settlements-analyst-at-paradigm-capital-2947545207?refId=12HiEb4wZs3rk90Zp6ScCA%3D%3D&trackingId=rBL6iCKvY9Lu4u6ooXoSsA%3D%3D&position=23&pageNum=5&trk=public_jobs_jserp-result_search-card,5708,Full-time,,Toronto Ontario Canada,
2948911285,Graduate Engineer Trainees (Electrical),Algoma Steel Inc.,Canada,3/2/2022,https://ca.linkedin.com/jobs/view/graduate-engineer-trainees-electrical-at-algoma-steel-inc-2948911285?refId=12HiEb4wZs3rk90Zp6ScCA%3D%3D&trackingId=VA9f52tl%2BAiv7o0BplA98Q%3D%3D&position=24&pageNum=5&trk=public_jobs_jserp-result_search-card,3919,Full-time,,Sault Ste. Marie Ontario Canada,
2947845027,Junior Software Engineer - New Graduate - 2022,Hatchways (YC S19),Canada,3/2/2022,https://ca.linkedin.com/jobs/view/junior-software-engineer-new-graduate-2022-at-hatchways-yc-s19-2947845027?refId=riL%2Bt1eK8aAvVUPlCPnUgg%3D%3D&trackingId=GFOfpCZyHRPbCfIp4gu2Gg%3D%3D&position=1&pageNum=6&trk=public_jobs_jserp-result_search-card,1977,Full-time,,Canada ,
2951282168,HR Recruiter (Volunteer),Arcadia,Canada,3/4/2022,https://ca.linkedin.com/jobs/view/hr-recruiter-volunteer-at-arcadia-2951282168?refId=riL%2Bt1eK8aAvVUPlCPnUgg%3D%3D&trackingId=leecLfzVpEka17RXcUp1Mg%3D%3D&position=2&pageNum=6&trk=public_jobs_jserp-result_search-card,4453,Volunteer,,Toronto Ontario Canada,
2949084568,Site Supervisor,Fusioncorp Developments,Canada,3/2/2022,https://ca.linkedin.com/jobs/view/site-supervisor-at-fusioncorp-developments-2949084568?refId=riL%2Bt1eK8aAvVUPlCPnUgg%3D%3D&trackingId=RzbBKk%2FunBYRY4dW1hk5sQ%3D%3D&position=3&pageNum=6&trk=public_jobs_jserp-result_search-card,2629,Full-time,Mid-Senior level,Toronto Ontario Canada ,Management and Manufacturing
2948867001,Academic Advisor,Quantum Management Services Ltd.,Canada,3/2/2022,https://ca.linkedin.com/jobs/view/academic-advisor-at-quantum-management-services-ltd-2948867001?refId=riL%2Bt1eK8aAvVUPlCPnUgg%3D%3D&trackingId=HbZf1Itn5YPL6KfD04HFKg%3D%3D&position=4&pageNum=6&trk=public_jobs_jserp-result_search-card,3039,Contract,,North York Ontario Canada,
2949157555,Customer Success Manager,mce,Canada,3/3/2022,https://ca.linkedin.com/jobs/view/customer-success-manager-at-mce-2949157555?refId=riL%2Bt1eK8aAvVUPlCPnUgg%3D%3D&trackingId=z2irM4oW3kXjw3nt3gJlDQ%3D%3D&position=5&pageNum=6&trk=public_jobs_jserp-result_search-card,3190,Full-time,,Toronto Ontario Canada,
2947535910,Real Estate Administrative Assistant,eXp Realty,Canada,3/4/2022,https://ca.linkedin.com/jobs/view/real-estate-administrative-assistant-at-exp-realty-2947535910?refId=riL%2Bt1eK8aAvVUPlCPnUgg%3D%3D&trackingId=lGOjsD%2B%2B%2BFdiRKh7lm45xg%3D%3D&position=6&pageNum=6&trk=public_jobs_jserp-result_search-card,2385,Full-time,,Hamilton Ontario Canada ,
2951492693,Jr. HR Guru & Administrator Extraordinaire,ingagehr. redefined,Canada,3/4/2022,https://ca.linkedin.com/jobs/view/jr-hr-guru-administrator-extraordinaire-at-ingagehr-redefined-2951492693?refId=riL%2Bt1eK8aAvVUPlCPnUgg%3D%3D&trackingId=%2Ba3lUJzQ4Nl3omSVBHUZTw%3D%3D&position=7&pageNum=6&trk=public_jobs_jserp-result_search-card,3425,Contract,,Greater Halifax Metropolitan Area,
2951795963,Vice President Finance,BJRC Recruiting,Canada,3/4/2022,https://ca.linkedin.com/jobs/view/vice-president-finance-at-bjrc-recruiting-2951795963?refId=riL%2Bt1eK8aAvVUPlCPnUgg%3D%3D&trackingId=yXTFNlypYw2vv2qyJZ6ejQ%3D%3D&position=8&pageNum=6&trk=public_jobs_jserp-result_search-card,3353,Full-time,Mid-Senior level,Toronto Ontario Canada,Finance and Sales
2948524234,Junior Software Engineer,Walnut,Canada,3/2/2022,https://ca.linkedin.com/jobs/view/junior-software-engineer-at-walnut-2948524234?refId=riL%2Bt1eK8aAvVUPlCPnUgg%3D%3D&trackingId=%2Ft6dRs5I81gqDrrukQ6xFg%3D%3D&position=9&pageNum=6&trk=public_jobs_jserp-result_search-card,3843,Full-time,,Canada ,
2947524534,Marketing Coordinator,Zone Employment Centre,Canada,3/4/2022,https://ca.linkedin.com/jobs/view/marketing-coordinator-at-zone-employment-centre-2947524534?refId=riL%2Bt1eK8aAvVUPlCPnUgg%3D%3D&trackingId=VZBEG3j5YpAEn4pOh5kvcA%3D%3D&position=10&pageNum=6&trk=public_jobs_jserp-result_search-card,1362,Full-time,,North York Ontario Canada ,
2948912038,Wind Turbine Engineer,DNV,Canada,3/2/2022,https://ca.linkedin.com/jobs/view/wind-turbine-engineer-at-dnv-2948912038?refId=riL%2Bt1eK8aAvVUPlCPnUgg%3D%3D&trackingId=4B%2FbbSfxMI%2FV4LRQkzFUzQ%3D%3D&position=11&pageNum=6&trk=public_jobs_jserp-result_search-card,9346,Full-time,Not Applicable,Calgary Alberta Canada,Engineering
2947393626,Social Justice Program Manager,Level. Changing Lives Through Law,Canada,3/4/2022,https://ca.linkedin.com/jobs/view/social-justice-program-manager-at-level-changing-lives-through-law-2947393626?refId=riL%2Bt1eK8aAvVUPlCPnUgg%3D%3D&trackingId=gpI%2Fnjl1WbDbPF6CQHnz8w%3D%3D&position=12&pageNum=6&trk=public_jobs_jserp-result_search-card,7638,Full-time,,Canada,
2948572599,Junior Water/Wastewater Professional,GM BluePlan Engineering Limited,Canada,3/2/2022,https://ca.linkedin.com/jobs/view/junior-water-wastewater-professional-at-gm-blueplan-engineering-limited-2948572599?refId=riL%2Bt1eK8aAvVUPlCPnUgg%3D%3D&trackingId=wX2mFGF0MQEIcxTaknpPtg%3D%3D&position=13&pageNum=6&trk=public_jobs_jserp-result_search-card,3630,Full-time,Entry level,London Ontario Canada,Business Development and Sales
2949114637,Imports Coordinator (Entry-Level),Evertz,Canada,3/3/2022,https://ca.linkedin.com/jobs/view/imports-coordinator-entry-level-at-evertz-2949114637?refId=riL%2Bt1eK8aAvVUPlCPnUgg%3D%3D&trackingId=S3CwDHu4Dj989l4kDmKthg%3D%3D&position=14&pageNum=6&trk=public_jobs_jserp-result_search-card,1981,Full-time,Entry level,Burlington Ontario Canada,Management and Manufacturing
2948969811,Digital Project Manager,Plus K Studios,Canada,3/2/2022,https://ca.linkedin.com/jobs/view/digital-project-manager-at-plus-k-studios-2948969811?refId=riL%2Bt1eK8aAvVUPlCPnUgg%3D%3D&trackingId=9mD%2Bj%2FmtyzolQqJR28HlYg%3D%3D&position=15&pageNum=6&trk=public_jobs_jserp-result_search-card,1084,Full-time,,Toronto Ontario Canada,
2947543600,ContrÃ´le financier,Lambert & Fils,Canada,3/4/2022,https://ca.linkedin.com/jobs/view/contr%C3%B4le-financier-at-lambert-fils-2947543600?refId=riL%2Bt1eK8aAvVUPlCPnUgg%3D%3D&trackingId=z8LX4bMZofzoAUSK0fi%2B0w%3D%3D&position=16&pageNum=6&trk=public_jobs_jserp-result_search-card,1544,Full-time,,Montreal Quebec Canada,
2947545718,Vice President,Junction Collective,Canada,3/4/2022,https://ca.linkedin.com/jobs/view/vice-president-at-junction-collective-2947545718?refId=riL%2Bt1eK8aAvVUPlCPnUgg%3D%3D&trackingId=rIA87b5JAnX3ZuAPgQD0jg%3D%3D&position=17&pageNum=6&trk=public_jobs_jserp-result_search-card,3683,Full-time,,Toronto Ontario Canada,
2948941973,Marketing Coordinator,Shulman & Partners LLP,Canada,3/2/2022,https://ca.linkedin.com/jobs/view/marketing-coordinator-at-shulman-partners-llp-2948941973?refId=riL%2Bt1eK8aAvVUPlCPnUgg%3D%3D&trackingId=py8V1zO9M0TOxh9IVrNR9Q%3D%3D&position=18&pageNum=6&trk=public_jobs_jserp-result_search-card,3389,Full-time,Entry level,Toronto Ontario Canada,Marketing
2951124910,Project Administrator,Computronix,Canada,3/4/2022,https://ca.linkedin.com/jobs/view/project-administrator-at-computronix-2951124910?refId=riL%2Bt1eK8aAvVUPlCPnUgg%3D%3D&trackingId=4HGseOsIFU5MIuaDl2uJwg%3D%3D&position=19&pageNum=6&trk=public_jobs_jserp-result_search-card,4131,Full-time,Mid-Senior level,Edmonton Alberta Canada,Project Management and Information Technology
2951766126,Marketing Assistant,Millennium Recruiting Inc.,Canada,3/4/2022,https://ca.linkedin.com/jobs/view/marketing-assistant-at-millennium-recruiting-inc-2951766126?refId=riL%2Bt1eK8aAvVUPlCPnUgg%3D%3D&trackingId=4hEudCiSArHo1AJcgN5Eqg%3D%3D&position=20&pageNum=6&trk=public_jobs_jserp-result_search-card,827,Full-time,Entry level,Vancouver British Columbia Canada,Marketing Sales and Customer Service
2951311168,Cyber Technical Investigation Analyst Summer 2022( Co-op/Internship) - 4 months,BMO Financial Group,Canada,3/4/2022,https://ca.linkedin.com/jobs/view/cyber-technical-investigation-analyst-summer-2022-co-op-internship-4-months-at-bmo-financial-group-2951311168?refId=riL%2Bt1eK8aAvVUPlCPnUgg%3D%3D&trackingId=z96bH3SfLOF6%2BxctqgFEgw%3D%3D&position=23&pageNum=6&trk=public_jobs_jserp-result_search-card,5060,Full-time,Not Applicable,Toronto Ontario Canada,Information Technology
